route_id,service_id,trip_id,trip_headsign,trip_short_name,direction_id,shape_id
1,GO404_19_65,GO404_19_2,Babylon,2,0,1
1,GO404_19_65,GO404_19_3,Penn Station,3,1,4
1,GO404_19_65,GO404_19_4,Babylon,4,0,1
1,GO404_19_65,GO404_19_5,Penn Station,5,1,4
1,GO404_19_65,GO404_19_6,Babylon,6,0,1
1,GO404_19_65,GO404_19_7,Penn Station,7,1,4
1,GO404_19_65,GO404_19_8,Babylon,8,0,1
1,GO404_19_65,GO404_19_9,Penn Station,9,1,4
1,GO404_19_65,GO404_19_11,Penn Station,11,1,14
1,GO404_19_65,GO404_19_12,Babylon,12,0,1
1,GO404_19_65,GO404_19_13,Penn Station,13,1,4
1,GO404_19_65,GO404_19_14,Babylon,14,0,1
1,GO404_19_65,GO404_19_15,Atlantic Terminal,15,1,24
1,GO404_19_65,GO404_19_16,Babylon,16,0,1
1,GO404_19_65,GO404_19_17,Penn Station,17,1,4
1,GO404_19_65,GO404_19_18,Babylon,18,0,1
1,GO404_19_65,GO404_19_19,Penn Station,19,1,4
1,GO404_19_65,GO404_19_22,Babylon,22,0,1
1,GO404_19_65,GO404_19_24,Babylon,24,0,1
1,GO404_19_65,GO404_19_25,Penn Station,25,1,4
1,GO404_19_65,GO404_19_27,Atlantic Terminal,27,1,24
1,GO404_19_65,GO404_19_28,Babylon,28,0,1
1,GO404_19_65,GO404_19_29,Penn Station,29,1,4
1,GO404_19_65,GO404_19_31,Penn Station,31,1,4
1,GO404_19_65,GO404_19_32,Babylon,32,0,1
1,GO404_19_65,GO404_19_33,Atlantic Terminal,33,1,24
1,GO404_19_65,GO404_19_34,Babylon,34,0,1
1,GO404_19_65,GO404_19_35,Penn Station,35,1,4
1,GO404_19_65,GO404_19_36,Babylon,36,0,1
1,GO404_19_65,GO404_19_38,Babylon,38,0,1
1,GO404_19_65,GO404_19_39,Atlantic Terminal,39,1,24
1,GO404_19_65,GO404_19_42,Babylon,42,0,1
1,GO404_19_65,GO404_19_43,Penn Station,43,1,4
1,GO404_19_65,GO404_19_44,Babylon,44,0,1
1,GO404_19_65,GO404_19_45,Penn Station,45,1,4
1,GO404_19_65,GO404_19_47,Penn Station,47,1,4
1,GO404_19_65,GO404_19_48,Babylon,48,0,1
1,GO404_19_65,GO404_19_49,Penn Station,49,1,4
1,GO404_19_65,GO404_19_50,Babylon,50,0,1
1,GO404_19_65,GO404_19_51,Penn Station,51,1,4
1,GO404_19_65,GO404_19_52,Babylon,52,0,1
1,GO404_19_65,GO404_19_53,Penn Station,53,1,4
1,GO404_19_65,GO404_19_55,Penn Station,55,1,4
1,GO404_19_65,GO404_19_57,Penn Station,57,1,4
1,GO404_19_65,GO404_19_59,Penn Station,59,1,4
1,GO404_19_65,GO404_19_61,Penn Station,61,1,4
1,GO404_19_65,GO404_19_63,Penn Station,63,1,4
1,GO404_19_65,GO404_19_65,Penn Station,65,1,4
1,GO404_19_65,GO404_19_67,Penn Station,67,1,4
1,GO404_19_65,GO404_19_69,Penn Station,69,1,4
1,GO404_19_65,GO404_19_102,Babylon,102,0,1
1,GO404_19_65,GO404_19_103,Penn Station,103,1,4
1,GO404_19_65,GO404_19_104,Babylon,104,0,1
1,GO404_19_65,GO404_19_105,Penn Station,105,1,4
1,GO404_19_65,GO404_19_107,Penn Station,107,1,4
1,GO404_19_65,GO404_19_108,Babylon,108,0,1
1,GO404_19_65,GO404_19_109,Penn Station,109,1,4
1,GO404_19_65,GO404_19_110,Babylon,110,0,1
1,GO404_19_65,GO404_19_111,Penn Station,111,1,4
1,GO404_19_65,GO404_19_113,Penn Station,113,1,4
1,GO404_19_65,GO404_19_114,Babylon,114,0,1
1,GO404_19_65,GO404_19_115,Penn Station,115,1,4
1,GO404_19_65,GO404_19_117,Penn Station,117,1,4
1,GO404_19_65,GO404_19_119,Penn Station,119,1,4
1,GO404_19_65,GO404_19_120,Babylon,120,0,1
1,GO404_19_65,GO404_19_123,Penn Station,123,1,4
1,GO404_19_65,GO404_19_125,Penn Station,125,1,4
1,GO404_19_65,GO404_19_126,Babylon,126,0,1
1,GO404_19_65,GO404_19_127,Penn Station,127,1,4
1,GO404_19_65,GO404_19_129,Penn Station,129,1,4
1,GO404_19_65,GO404_19_131,Penn Station,131,1,4
1,GO404_19_65,GO404_19_132,Babylon,132,0,1
1,GO404_19_65,GO404_19_133,Penn Station,133,1,4
1,GO404_19_65,GO404_19_134,Babylon,134,0,1
1,GO404_19_65,GO404_19_135,Penn Station,135,1,4
1,GO404_19_65,GO404_19_137,Penn Station,137,1,4
1,GO404_19_65,GO404_19_138,Babylon,138,0,1
1,GO404_19_65,GO404_19_139,Penn Station,139,1,4
1,GO404_19_65,GO404_19_140,Babylon,140,0,1
1,GO404_19_65,GO404_19_142,Babylon,142,0,25
1,GO404_19_65,GO404_19_143,Penn Station,143,1,4
1,GO404_19_65,GO404_19_144,Babylon,144,0,15
1,GO404_19_65,GO404_19_145,Penn Station,145,1,4
1,GO404_19_65,GO404_19_146,Babylon,146,0,25
1,GO404_19_65,GO404_19_147,Penn Station,147,1,4
1,GO404_19_65,GO404_19_148,Babylon,148,0,15
1,GO404_19_65,GO404_19_149,Penn Station,149,1,4
1,GO404_19_65,GO404_19_150,Babylon,150,0,25
1,GO404_19_65,GO404_19_151,Penn Station,151,1,4
1,GO404_19_65,GO404_19_152,Babylon,152,0,15
1,GO404_19_65,GO404_19_153,Penn Station,153,1,4
1,GO404_19_65,GO404_19_154,Babylon,154,0,25
1,GO404_19_65,GO404_19_155,Penn Station,155,1,4
1,GO404_19_65,GO404_19_156,Babylon,156,0,15
1,GO404_19_65,GO404_19_157,Penn Station,157,1,4
1,GO404_19_65,GO404_19_158,Babylon,158,0,25
1,GO404_19_65,GO404_19_159,Penn Station,159,1,4
1,GO404_19_65,GO404_19_160,Babylon,160,0,15
1,GO404_19_65,GO404_19_161,Penn Station,161,1,4
1,GO404_19_65,GO404_19_162,Babylon,162,0,25
1,GO404_19_65,GO404_19_163,Penn Station,163,1,4
1,GO404_19_117,GO404_19_166,Babylon,166,0,15
1,GO404_19_65,GO404_19_168,Babylon,168,0,1
1,GO404_19_65,GO404_19_170,Babylon,170,0,1
1,GO404_19_65,GO404_19_172,Babylon,172,0,1
1,GO404_19_65,GO404_19_174,Babylon,174,0,1
1,GO404_19_65,GO404_19_176,Babylon,176,0,1
1,GO404_19_65,GO404_19_180,Babylon,180,0,1
1,GO404_19_65,GO404_19_182,Babylon,182,0,1
1,GO404_19_65,GO404_19_184,Babylon,184,0,1
1,GO404_19_65,GO404_19_186,Babylon,186,0,1
1,GO404_19_65,GO404_19_188,Babylon,188,0,1
1,GO404_19_65,GO404_19_190,Babylon,190,0,1
1,GO404_19_65,GO404_19_192,Babylon,192,0,1
1,GO404_19_65,GO404_19_194,Babylon,194,0,1
1,GO404_19_65,GO404_19_196,Babylon,196,0,1
1,GO404_19_65,GO404_19_198,Babylon,198,0,1
4,GO404_19_65,GO404_19_201,Ronkonkoma,201,1,29
4,GO404_19_65,GO404_19_202,Greenport,202,0,36
4,GO404_19_65,GO404_19_203,Ronkonkoma,203,1,38
4,GO404_19_65,GO404_19_250,Greenport,250,0,36
4,GO404_19_65,GO404_19_251,Ronkonkoma,251,1,38
4,GO404_19_108,GO404_19_252,Yaphank,252,0,30
4,GO404_19_108,GO404_19_253,Ronkonkoma,253,1,33
4,GO404_19_65,GO404_19_256,Greenport,256,0,31
4,GO404_19_65,GO404_19_257,Ronkonkoma,257,1,29
9,GO404_19_65,GO404_19_300,Great Neck,300,0,43
9,GO404_19_65,GO404_19_301,Penn Station,301,1,44
9,GO404_19_65,GO404_19_303,Penn Station,303,1,45
9,GO404_19_65,GO404_19_305,Penn Station,305,1,45
9,GO404_19_65,GO404_19_307,Penn Station,307,1,44
9,GO404_19_65,GO404_19_309,Penn Station,309,1,44
9,GO404_19_65,GO404_19_311,Penn Station,311,1,44
9,GO404_19_65,GO404_19_313,Penn Station,313,1,44
9,GO404_19_65,GO404_19_315,Penn Station,315,1,44
9,GO404_19_65,GO404_19_351,Penn Station,351,1,44
9,GO404_19_65,GO404_19_353,Penn Station,353,1,44
9,GO404_19_65,GO404_19_354,Great Neck,354,0,43
9,GO404_19_65,GO404_19_355,Penn Station,355,1,44
9,GO404_19_65,GO404_19_356,Great Neck,356,0,43
9,GO404_19_65,GO404_19_358,Great Neck,358,0,43
9,GO404_19_65,GO404_19_360,Great Neck,360,0,43
9,GO404_19_65,GO404_19_364,Great Neck,364,0,46
9,GO404_19_117,GO404_19_366,Great Neck,366,0,43
9,GO404_19_116,GO404_19_366_1,Great Neck,0,0,43
9,GO404_19_65,GO404_19_368,Great Neck,368,0,43
9,GO404_19_65,GO404_19_370,Great Neck,370,0,43
9,GO404_19_65,GO404_19_398,Great Neck,398,0,43
9,GO404_19_65,GO404_19_400,Port Washington,400,0,47
9,GO404_19_65,GO404_19_401,Penn Station,401,1,48
9,GO404_19_65,GO404_19_402,Port Washington,402,0,47
9,GO404_19_65,GO404_19_403,Penn Station,403,1,48
9,GO404_19_65,GO404_19_404,Port Washington,404,0,47
9,GO404_19_65,GO404_19_405,Penn Station,405,1,48
9,GO404_19_65,GO404_19_406,Port Washington,406,0,47
9,GO404_19_65,GO404_19_407,Penn Station,407,1,48
9,GO404_19_117,GO404_19_408,Port Washington,408,0,47
9,GO404_19_116,GO404_19_408_1,Port Washington,0,0,47
9,GO404_19_65,GO404_19_409,Penn Station,409,1,48
9,GO404_19_117,GO404_19_410,Port Washington,410,0,47
9,GO404_19_116,GO404_19_410_1,Port Washington,0,0,47
9,GO404_19_65,GO404_19_411,Penn Station,411,1,48
9,GO404_19_117,GO404_19_412,Port Washington,412,0,47
9,GO404_19_116,GO404_19_412_1,Port Washington,0,0,47
9,GO404_19_65,GO404_19_413,Penn Station,413,1,48
9,GO404_19_117,GO404_19_414,Port Washington,414,0,47
9,GO404_19_116,GO404_19_414_1,Port Washington,0,0,47
9,GO404_19_65,GO404_19_415,Penn Station,415,1,48
9,GO404_19_65,GO404_19_416,Port Washington,416,0,47
9,GO404_19_65,GO404_19_418,Port Washington,418,0,47
9,GO404_19_65,GO404_19_419,Penn Station,419,1,48
9,GO404_19_65,GO404_19_420,Port Washington,420,0,47
9,GO404_19_65,GO404_19_421,Penn Station,421,1,48
9,GO404_19_65,GO404_19_422,Port Washington,422,0,47
9,GO404_19_65,GO404_19_423,Penn Station,423,1,48
9,GO404_19_65,GO404_19_424,Port Washington,424,0,47
9,GO404_19_65,GO404_19_425,Penn Station,425,1,48
9,GO404_19_65,GO404_19_426,Port Washington,426,0,47
9,GO404_19_65,GO404_19_427,Penn Station,427,1,48
9,GO404_19_65,GO404_19_428,Port Washington,428,0,47
9,GO404_19_65,GO404_19_429,Penn Station,429,1,48
9,GO404_19_65,GO404_19_430,Port Washington,430,0,47
9,GO404_19_65,GO404_19_431,Penn Station,431,1,48
9,GO404_19_65,GO404_19_432,Port Washington,432,0,47
9,GO404_19_65,GO404_19_433,Penn Station,433,1,48
9,GO404_19_65,GO404_19_434,Port Washington,434,0,47
9,GO404_19_65,GO404_19_435,Penn Station,435,1,48
9,GO404_19_65,GO404_19_436,Port Washington,436,0,47
9,GO404_19_65,GO404_19_437,Penn Station,437,1,48
9,GO404_19_65,GO404_19_438,Port Washington,438,0,47
9,GO404_19_65,GO404_19_439,Penn Station,439,1,48
9,GO404_19_117,GO404_19_440,Port Washington,440,0,47
9,GO404_19_116,GO404_19_440_1,Port Washington,0,0,47
9,GO404_19_65,GO404_19_441,Penn Station,441,1,48
9,GO404_19_117,GO404_19_442,Port Washington,442,0,47
9,GO404_19_116,GO404_19_442_1,Port Washington,0,0,47
9,GO404_19_65,GO404_19_443,Penn Station,443,1,48
9,GO404_19_117,GO404_19_444,Port Washington,444,0,47
9,GO404_19_116,GO404_19_444_1,Port Washington,0,0,47
9,GO404_19_65,GO404_19_445,Penn Station,445,1,48
9,GO404_19_117,GO404_19_446,Port Washington,446,0,47
9,GO404_19_116,GO404_19_446_1,Port Washington,0,0,47
9,GO404_19_65,GO404_19_447,Penn Station,447,1,48
9,GO404_19_117,GO404_19_448,Port Washington,448,0,47
9,GO404_19_116,GO404_19_448_1,Port Washington,0,0,47
9,GO404_19_65,GO404_19_449,Penn Station,449,1,48
9,GO404_19_65,GO404_19_451,Penn Station,451,1,48
9,GO404_19_65,GO404_19_452,Port Washington,452,0,47
9,GO404_19_65,GO404_19_453,Penn Station,453,1,48
9,GO404_19_65,GO404_19_454,Port Washington,454,0,47
9,GO404_19_65,GO404_19_455,Penn Station,455,1,48
9,GO404_19_117,GO404_19_456,Port Washington,456,0,47
9,GO404_19_116,GO404_19_456_1,Port Washington,0,0,47
9,GO404_19_65,GO404_19_457,Penn Station,457,1,48
9,GO404_19_117,GO404_19_458,Port Washington,458,0,47
9,GO404_19_116,GO404_19_458_1,Port Washington,0,0,47
9,GO404_19_65,GO404_19_459,Penn Station,459,1,48
9,GO404_19_117,GO404_19_460,Port Washington,460,0,47
9,GO404_19_116,GO404_19_460_1,Port Washington,0,0,47
9,GO404_19_65,GO404_19_461,Penn Station,461,1,48
9,GO404_19_117,GO404_19_462,Port Washington,462,0,47
9,GO404_19_116,GO404_19_462_1,Port Washington,0,0,47
9,GO404_19_65,GO404_19_463,Penn Station,463,1,48
9,GO404_19_65,GO404_19_464,Port Washington,464,0,47
9,GO404_19_65,GO404_19_465,Penn Station,465,1,48
9,GO404_19_65,GO404_19_466,Port Washington,466,0,47
9,GO404_19_65,GO404_19_467,Penn Station,467,1,48
9,GO404_19_65,GO404_19_468,Port Washington,468,0,47
9,GO404_19_65,GO404_19_469,Penn Station,469,1,48
9,GO404_19_65,GO404_19_470,Port Washington,470,0,47
9,GO404_19_65,GO404_19_471,Penn Station,471,1,48
9,GO404_19_65,GO404_19_472,Port Washington,472,0,47
9,GO404_19_65,GO404_19_473,Penn Station,473,1,48
9,GO404_19_65,GO404_19_474,Port Washington,474,0,47
9,GO404_19_65,GO404_19_475,Penn Station,475,1,48
9,GO404_19_65,GO404_19_476,Port Washington,476,0,47
9,GO404_19_65,GO404_19_477,Penn Station,477,1,48
9,GO404_19_65,GO404_19_478,Port Washington,478,0,47
9,GO404_19_65,GO404_19_479,Penn Station,479,1,48
9,GO404_19_65,GO404_19_480,Port Washington,480,0,47
9,GO404_19_65,GO404_19_481,Penn Station,481,1,48
9,GO404_19_65,GO404_19_483,Penn Station,483,1,48
9,GO404_19_65,GO404_19_485,Penn Station,485,1,48
3,GO404_19_65,GO404_19_500,Oyster Bay,500,0,49
3,GO404_19_65,GO404_19_501,Mineola,501,1,51
3,GO404_19_65,GO404_19_502,Oyster Bay,502,0,52
3,GO404_19_65,GO404_19_503,Penn Station,503,1,53
3,GO404_19_65,GO404_19_504,Oyster Bay,504,0,49
3,GO404_19_65,GO404_19_505,Jamaica,505,1,50
3,GO404_19_65,GO404_19_506,Oyster Bay,506,0,56
3,GO404_19_65,GO404_19_507,Long Island City,507,1,57
3,GO404_19_65,GO404_19_509,Hunterspoint Avenue,509,1,58
3,GO404_19_65,GO404_19_511,Long Island City,511,1,57
3,GO404_19_65,GO404_19_513,Jamaica,513,1,50
3,GO404_19_65,GO404_19_515,Jamaica,515,1,50
3,GO404_19_65,GO404_19_517,Jamaica,517,1,50
3,GO404_19_65,GO404_19_550,Oyster Bay,550,0,49
3,GO404_19_65,GO404_19_551,Jamaica,551,1,50
3,GO404_19_65,GO404_19_552,Oyster Bay,552,0,49
3,GO404_19_65,GO404_19_553,Jamaica,553,1,50
3,GO404_19_65,GO404_19_554,Oyster Bay,554,0,49
3,GO404_19_65,GO404_19_555,Jamaica,555,1,59
3,GO404_19_65,GO404_19_556,Oyster Bay,556,0,56
3,GO404_19_65,GO404_19_557,Jamaica,557,1,50
3,GO404_19_65,GO404_19_558,Oyster Bay,558,0,60
3,GO404_19_65,GO404_19_559,Jamaica,559,1,50
3,GO404_19_117,GO404_19_560,Oyster Bay,560,0,61
3,GO404_19_116,GO404_19_560_1,Oyster Bay,0,0,61
3,GO404_19_65,GO404_19_561,Jamaica,561,1,50
3,GO404_19_65,GO404_19_562,Oyster Bay,562,0,49
3,GO404_19_65,GO404_19_563,Jamaica,563,1,50
3,GO404_19_117,GO404_19_564,Oyster Bay,564,0,54
3,GO404_19_116,GO404_19_564_1,Oyster Bay,0,0,54
3,GO404_19_65,GO404_19_565,Jamaica,565,1,50
3,GO404_19_117,GO404_19_566,Oyster Bay,566,0,60
3,GO404_19_116,GO404_19_566_1,Oyster Bay,0,0,60
3,GO404_19_65,GO404_19_568,Oyster Bay,568,0,49
3,GO404_19_65,GO404_19_570,Oyster Bay,570,0,49
3,GO404_19_65,GO404_19_572,Oyster Bay,572,0,49
3,GO404_19_65,GO404_19_574,Oyster Bay,574,0,49
10,GO404_19_65,GO404_19_600,Port Jefferson,600,0,62
10,GO404_19_65,GO404_19_601,Huntington,601,1,63
10,GO404_19_65,GO404_19_602,Port Jefferson,602,0,67
10,GO404_19_65,GO404_19_603,Hunterspoint Avenue,603,1,72
10,GO404_19_65,GO404_19_604,Port Jefferson,604,0,62
10,GO404_19_65,GO404_19_605,Penn Station,605,1,80
10,GO404_19_65,GO404_19_606,Port Jefferson,606,0,75
10,GO404_19_65,GO404_19_607,Long Island City,607,1,73
10,GO404_19_65,GO404_19_608,Port Jefferson,608,0,88
10,GO404_19_65,GO404_19_609,Long Island City,609,1,73
10,GO404_19_65,GO404_19_610,Port Jefferson,610,0,68
10,GO404_19_65,GO404_19_611,Hunterspoint Avenue,611,1,72
10,GO404_19_117,GO404_19_613,Hunterspoint Avenue,613,1,72
10,GO404_19_116,GO404_19_613_1,Long Island City,0,1,73
10,GO404_19_65,GO404_19_615,Penn Station,615,1,80
10,GO404_19_65,GO404_19_617,Hicksville,617,1,64
10,GO404_19_65,GO404_19_619,Huntington,619,1,69
10,GO404_19_65,GO404_19_621,Huntington,621,1,69
10,GO404_19_65,GO404_19_623,Hicksville,623,1,70
10,GO404_19_65,GO404_19_650,Port Jefferson,650,0,88
10,GO404_19_65,GO404_19_651,Jamaica,651,1,74
10,GO404_19_65,GO404_19_652,Port Jefferson,652,0,68
10,GO404_19_65,GO404_19_653,Huntington,653,1,63
10,GO404_19_65,GO404_19_654,Port Jefferson,654,0,62
10,GO404_19_65,GO404_19_655,Jamaica,655,1,74
10,GO404_19_65,GO404_19_656,Port Jefferson,656,0,76
10,GO404_19_65,GO404_19_657,Huntington,657,1,65
10,GO404_19_65,GO404_19_658,Port Jefferson,658,0,81
10,GO404_19_65,GO404_19_659,Huntington,659,1,63
10,GO404_19_65,GO404_19_660,Port Jefferson,660,0,81
10,GO404_19_65,GO404_19_662,Port Jefferson,662,0,77
10,GO404_19_65,GO404_19_663,Hicksville,663,1,64
10,GO404_19_65,GO404_19_664,Port Jefferson,664,0,76
10,GO404_19_65,GO404_19_665,Huntington,665,1,63
10,GO404_19_65,GO404_19_666,Port Jefferson,666,0,76
10,GO404_19_65,GO404_19_668,Port Jefferson,668,0,77
10,GO404_19_65,GO404_19_670,Port Jefferson,670,0,62
10,GO404_19_65,GO404_19_672,Port Jefferson,672,0,62
10,GO404_19_65,GO404_19_674,Port Jefferson,674,0,62
10,GO404_19_65,GO404_19_676,Port Jefferson,676,0,88
2,GO404_19_65,GO404_19_700,Hempstead,700,0,93
2,GO404_19_65,GO404_19_701,Atlantic Terminal,701,1,94
2,GO404_19_65,GO404_19_702,Hempstead,702,0,93
2,GO404_19_65,GO404_19_703,Jamaica,703,1,95
2,GO404_19_65,GO404_19_704,Hempstead,704,0,96
2,GO404_19_65,GO404_19_705,Jamaica,705,1,95
2,GO404_19_65,GO404_19_706,Hempstead,706,0,97
2,GO404_19_65,GO404_19_707,Jamaica,707,1,95
2,GO404_19_65,GO404_19_708,Hempstead,708,0,97
2,GO404_19_65,GO404_19_709,Atlantic Terminal,709,1,94
2,GO404_19_65,GO404_19_710,Hempstead,710,0,93
2,GO404_19_65,GO404_19_711,Atlantic Terminal,711,1,94
2,GO404_19_65,GO404_19_712,Hempstead,712,0,93
2,GO404_19_65,GO404_19_713,Penn Station,713,1,98
2,GO404_19_65,GO404_19_714,Hempstead,714,0,93
2,GO404_19_65,GO404_19_715,Penn Station,715,1,98
2,GO404_19_65,GO404_19_716,Hempstead,716,0,93
2,GO404_19_65,GO404_19_717,Penn Station,717,1,98
2,GO404_19_65,GO404_19_718,Hempstead,718,0,93
2,GO404_19_65,GO404_19_721,Atlantic Terminal,721,1,94
2,GO404_19_65,GO404_19_723,Penn Station,723,1,98
2,GO404_19_65,GO404_19_725,Atlantic Terminal,725,1,94
2,GO404_19_65,GO404_19_727,Atlantic Terminal,727,1,94
2,GO404_19_65,GO404_19_729,Atlantic Terminal,729,1,94
2,GO404_19_65,GO404_19_731,Atlantic Terminal,731,1,94
2,GO404_19_65,GO404_19_733,Atlantic Terminal,733,1,94
2,GO404_19_65,GO404_19_750,Hempstead,750,0,93
2,GO404_19_65,GO404_19_751,Atlantic Terminal,751,1,94
2,GO404_19_65,GO404_19_752,Hempstead,752,0,93
2,GO404_19_65,GO404_19_753,Atlantic Terminal,753,1,94
2,GO404_19_65,GO404_19_754,Hempstead,754,0,93
2,GO404_19_65,GO404_19_755,Atlantic Terminal,755,1,94
2,GO404_19_65,GO404_19_756,Hempstead,756,0,93
2,GO404_19_65,GO404_19_757,Atlantic Terminal,757,1,94
2,GO404_19_65,GO404_19_758,Hempstead,758,0,97
2,GO404_19_65,GO404_19_759,Atlantic Terminal,759,1,94
2,GO404_19_65,GO404_19_761,Atlantic Terminal,761,1,94
2,GO404_19_65,GO404_19_762,Hempstead,762,0,97
2,GO404_19_65,GO404_19_763,Penn Station,763,1,98
2,GO404_19_65,GO404_19_764,Hempstead,764,0,93
2,GO404_19_65,GO404_19_765,Atlantic Terminal,765,1,94
2,GO404_19_65,GO404_19_766,Hempstead,766,0,93
2,GO404_19_65,GO404_19_767,Atlantic Terminal,767,1,94
2,GO404_19_65,GO404_19_768,Hempstead,768,0,97
2,GO404_19_65,GO404_19_770,Hempstead,770,0,93
2,GO404_19_65,GO404_19_771,Atlantic Terminal,771,1,94
2,GO404_19_65,GO404_19_772,Hempstead,772,0,97
2,GO404_19_65,GO404_19_773,Atlantic Terminal,773,1,94
2,GO404_19_65,GO404_19_774,Hempstead,774,0,93
2,GO404_19_65,GO404_19_775,Atlantic Terminal,775,1,94
2,GO404_19_65,GO404_19_776,Hempstead,776,0,93
2,GO404_19_65,GO404_19_777,Atlantic Terminal,777,1,94
2,GO404_19_65,GO404_19_778,Hempstead,778,0,93
2,GO404_19_65,GO404_19_780,Hempstead,780,0,93
2,GO404_19_65,GO404_19_782,Hempstead,782,0,93
2,GO404_19_65,GO404_19_784,Hempstead,784,0,93
2,GO404_19_65,GO404_19_798,Hempstead,798,0,97
2,GO404_19_65,GO404_19_799,Atlantic Terminal,799,1,94
6,GO404_19_65,GO404_19_801,Jamaica,801,1,99
6,GO404_19_65,GO404_19_802,Long Beach,802,0,104
6,GO404_19_65,GO404_19_804,Long Beach,804,0,104
6,GO404_19_65,GO404_19_805,Atlantic Terminal,805,1,100
6,GO404_19_65,GO404_19_806,Long Beach,806,0,101
6,GO404_19_65,GO404_19_807,Penn Station,807,1,105
6,GO404_19_65,GO404_19_808,Long Beach,808,0,101
6,GO404_19_65,GO404_19_809,Atlantic Terminal,809,1,100
6,GO404_19_65,GO404_19_811,Penn Station,811,1,105
6,GO404_19_65,GO404_19_812,Long Beach,812,0,101
6,GO404_19_65,GO404_19_813,Atlantic Terminal,813,1,100
6,GO404_19_65,GO404_19_814,Long Beach,814,0,101
6,GO404_19_65,GO404_19_815,Penn Station,815,1,105
6,GO404_19_65,GO404_19_816,Long Beach,816,0,104
6,GO404_19_65,GO404_19_817,Penn Station,817,1,105
6,GO404_19_65,GO404_19_818,Long Beach,818,0,104
6,GO404_19_65,GO404_19_819,Penn Station,819,1,105
6,GO404_19_65,GO404_19_821,Atlantic Terminal,821,1,100
6,GO404_19_65,GO404_19_822,Long Beach,822,0,104
6,GO404_19_65,GO404_19_823,Atlantic Terminal,823,1,100
6,GO404_19_65,GO404_19_824,Long Beach,824,0,104
6,GO404_19_65,GO404_19_825,Penn Station,825,1,105
6,GO404_19_65,GO404_19_827,Atlantic Terminal,827,1,100
6,GO404_19_65,GO404_19_829,Penn Station,829,1,105
6,GO404_19_65,GO404_19_831,Penn Station,831,1,105
6,GO404_19_65,GO404_19_833,Penn Station,833,1,105
6,GO404_19_65,GO404_19_851,Penn Station,851,1,105
6,GO404_19_65,GO404_19_852,Long Beach,852,0,104
6,GO404_19_65,GO404_19_853,Penn Station,853,1,105
6,GO404_19_65,GO404_19_854,Long Beach,854,0,104
6,GO404_19_65,GO404_19_855,Penn Station,855,1,105
6,GO404_19_65,GO404_19_857,Penn Station,857,1,105
6,GO404_19_65,GO404_19_858,Long Beach,858,0,104
6,GO404_19_65,GO404_19_860,Long Beach,860,0,101
6,GO404_19_65,GO404_19_861,Penn Station,861,1,105
6,GO404_19_65,GO404_19_862,Long Beach,862,0,104
6,GO404_19_65,GO404_19_863,Atlantic Terminal,863,1,100
6,GO404_19_65,GO404_19_864,Long Beach,864,0,104
6,GO404_19_65,GO404_19_865,Penn Station,865,1,105
6,GO404_19_65,GO404_19_866,Long Beach,866,0,104
6,GO404_19_65,GO404_19_867,Atlantic Terminal,867,1,100
6,GO404_19_65,GO404_19_868,Long Beach,868,0,104
6,GO404_19_65,GO404_19_869,Penn Station,869,1,105
6,GO404_19_65,GO404_19_870,Long Beach,870,0,104
12,GO404_19_65,GO404_19_871,Atlantic Terminal,871,1,102
6,GO404_19_65,GO404_19_872,Long Beach,872,0,104
6,GO404_19_65,GO404_19_873,Penn Station,873,1,105
6,GO404_19_65,GO404_19_874,Long Beach,874,0,101
6,GO404_19_65,GO404_19_875,Penn Station,875,1,105
6,GO404_19_65,GO404_19_876,Long Beach,876,0,104
6,GO404_19_65,GO404_19_877,Penn Station,877,1,105
6,GO404_19_65,GO404_19_878,Long Beach,878,0,104
6,GO404_19_65,GO404_19_879,Penn Station,879,1,105
6,GO404_19_65,GO404_19_880,Long Beach,880,0,101
6,GO404_19_65,GO404_19_882,Long Beach,882,0,101
6,GO404_19_65,GO404_19_884,Long Beach,884,0,104
6,GO404_19_65,GO404_19_886,Long Beach,886,0,101
6,GO404_19_65,GO404_19_888,Long Beach,888,0,104
6,GO404_19_65,GO404_19_890,Long Beach,890,0,101
6,GO404_19_65,GO404_19_892,Long Beach,892,0,104
6,GO404_19_65,GO404_19_896,Long Beach,896,0,104
6,GO404_19_65,GO404_19_898,Long Beach,898,0,104
6,GO404_19_65,GO404_19_899,Penn Station,899,1,105
8,GO404_19_65,GO404_19_900,West Hempstead,900,0,106
8,GO404_19_65,GO404_19_901,Valley Stream,901,1,107
8,GO404_19_65,GO404_19_902,West Hempstead,902,0,110
8,GO404_19_65,GO404_19_903,Atlantic Terminal,903,1,113
8,GO404_19_65,GO404_19_904,West Hempstead,904,0,114
8,GO404_19_65,GO404_19_905,Atlantic Terminal,905,1,113
8,GO404_19_65,GO404_19_907,Penn Station,907,1,115
8,GO404_19_65,GO404_19_909,Atlantic Terminal,909,1,113
8,GO404_19_65,GO404_19_910,West Hempstead,910,0,106
8,GO404_19_65,GO404_19_911,Valley Stream,911,1,107
8,GO404_19_65,GO404_19_913,Valley Stream,913,1,107
8,GO404_19_65,GO404_19_950,West Hempstead,950,0,106
8,GO404_19_65,GO404_19_951,Valley Stream,951,1,107
8,GO404_19_65,GO404_19_952,West Hempstead,952,0,106
8,GO404_19_65,GO404_19_953,Atlantic Terminal,953,1,108
8,GO404_19_65,GO404_19_954,West Hempstead,954,0,106
12,GO404_19_65,GO404_19_955,Atlantic Terminal,955,1,111
8,GO404_19_65,GO404_19_956,West Hempstead,956,0,110
8,GO404_19_65,GO404_19_957,Jamaica,957,1,109
8,GO404_19_65,GO404_19_958,West Hempstead,958,0,110
8,GO404_19_65,GO404_19_959,Jamaica,959,1,109
8,GO404_19_65,GO404_19_960,West Hempstead,960,0,110
8,GO404_19_65,GO404_19_961,Valley Stream,961,1,107
8,GO404_19_65,GO404_19_962,West Hempstead,962,0,110
8,GO404_19_65,GO404_19_963,Jamaica,963,1,109
8,GO404_19_65,GO404_19_964,West Hempstead,964,0,112
8,GO404_19_65,GO404_19_966,West Hempstead,966,0,110
8,GO404_19_65,GO404_19_968,West Hempstead,968,0,106
8,GO404_19_65,GO404_19_970,West Hempstead,970,0,106
8,GO404_19_65,GO404_19_972,West Hempstead,972,0,106
1,GO404_19_65,GO404_19_1001,Penn Station,1001,1,5
1,GO404_19_65,GO404_19_1003,Penn Station,1003,1,5
1,GO404_19_65,GO404_19_1005,Penn Station,1005,1,5
1,GO404_19_65,GO404_19_1007,Penn Station,1007,1,6
1,GO404_19_65,GO404_19_1009,Atlantic Terminal,1009,1,27
1,GO404_19_65,GO404_19_1011,Atlantic Terminal,1011,1,28
1,GO404_19_65,GO404_19_1013,Penn Station,1013,1,5
1,GO404_19_65,GO404_19_1015,Penn Station,1015,1,21
1,GO404_19_65,GO404_19_1017,Jamaica,1017,1,7
1,GO404_19_65,GO404_19_1021,Penn Station,1021,1,8
1,GO404_19_65,GO404_19_1050,Wantagh,1050,0,2
1,GO404_19_65,GO404_19_1052,Massapequa Park,1052,0,16
1,GO404_19_65,GO404_19_1054,Wantagh,1054,0,17
1,GO404_19_65,GO404_19_1056,Wantagh,1056,0,17
1,GO404_19_65,GO404_19_1060,Wantagh,1060,0,17
1,GO404_19_65,GO404_19_1062,Seaford,1062,0,18
1,GO404_19_65,GO404_19_1064,Wantagh,1064,0,17
1,GO404_19_117,GO404_19_1066,Wantagh,1066,0,2
1,GO404_19_116,GO404_19_1066_1,Babylon,0,0,1
1,GO404_19_65,GO404_19_1099,Penn Station,1099,1,8
1,GO404_19_65,GO404_19_1101,Penn Station,1101,1,22
1,GO404_19_65,GO404_19_1103,Penn Station,1103,1,22
1,GO404_19_65,GO404_19_1105,Penn Station,1105,1,9
1,GO404_19_65,GO404_19_1107,Atlantic Terminal,1107,1,116
1,GO404_19_65,GO404_19_1152,Freeport,1152,0,19
1,GO404_19_65,GO404_19_1154,Freeport,1154,0,19
1,GO404_19_65,GO404_19_1156,Freeport,1156,0,19
1,GO404_19_117,GO404_19_1158,Freeport,1158,0,19
1,GO404_19_116,GO404_19_1158_1,Freeport,0,0,26
1,GO404_19_65,GO404_19_1190,Freeport,1190,0,118
1,GO404_19_65,GO404_19_1191,Penn Station,1191,1,22
10,GO404_19_65,GO404_19_1203,Penn Station,1203,1,124
10,GO404_19_65,GO404_19_1205,Penn Station,1205,1,124
10,GO404_19_65,GO404_19_1233,Penn Station,1233,1,124
10,GO404_19_106,GO404_19_1250,Hicksville,1250,0,82
10,GO404_19_65,GO404_19_1256,Cold Spring Harbor,1256,0,83
10,GO404_19_65,GO404_19_1258,Hicksville,1258,0,82
10,GO404_19_65,GO404_19_1260,Hicksville,1260,0,82
10,GO404_19_65,GO404_19_1268,Hicksville,1268,0,82
12,GO404_19_65,GO404_19_1328,Jamaica,1328,0,129
12,GO404_19_65,GO404_19_1353,Penn Station,1353,1,130
12,GO404_19_65,GO404_19_1402,Jamaica,1402,0,34
12,GO404_19_65,GO404_19_1453,Atlantic Terminal,1453,1,131
3,GO404_19_65,GO404_19_1501,Penn Station,1501,1,55
10,GO404_19_65,GO404_19_1601,Penn Station,1601,1,86
10,GO404_19_65,GO404_19_1602,Huntington,1602,0,84
10,GO404_19_65,GO404_19_1603,Penn Station,1603,1,86
10,GO404_19_65,GO404_19_1604,Huntington,1604,0,84
10,GO404_19_65,GO404_19_1605,Penn Station,1605,1,86
10,GO404_19_65,GO404_19_1606,Huntington,1606,0,90
10,GO404_19_65,GO404_19_1607,Penn Station,1607,1,86
10,GO404_19_65,GO404_19_1608,Huntington,1608,0,84
10,GO404_19_65,GO404_19_1609,Penn Station,1609,1,86
12,GO404_19_65,GO404_19_1610,Jamaica,1610,0,85
10,GO404_19_65,GO404_19_1611,Penn Station,1611,1,86
10,GO404_19_65,GO404_19_1612,Huntington,1612,0,84
10,GO404_19_65,GO404_19_1614,Huntington,1614,0,84
10,GO404_19_65,GO404_19_1615,Penn Station,1615,1,86
10,GO404_19_65,GO404_19_1616,Huntington,1616,0,84
10,GO404_19_65,GO404_19_1617,Penn Station,1617,1,86
10,GO404_19_65,GO404_19_1618,Huntington,1618,0,84
10,GO404_19_65,GO404_19_1619,Atlantic Terminal,1619,1,91
10,GO404_19_65,GO404_19_1620,Huntington,1620,0,84
10,GO404_19_65,GO404_19_1621,Hunterspoint Avenue,1621,1,78
10,GO404_19_65,GO404_19_1622,Huntington,1622,0,84
10,GO404_19_65,GO404_19_1623,Penn Station,1623,1,86
10,GO404_19_65,GO404_19_1625,Atlantic Terminal,1625,1,91
10,GO404_19_65,GO404_19_1627,Penn Station,1627,1,87
10,GO404_19_65,GO404_19_1629,Penn Station,1629,1,86
10,GO404_19_65,GO404_19_1631,Penn Station,1631,1,86
10,GO404_19_65,GO404_19_1633,Penn Station,1633,1,86
10,GO404_19_65,GO404_19_1635,Penn Station,1635,1,86
10,GO404_19_65,GO404_19_1637,Penn Station,1637,1,86
10,GO404_19_65,GO404_19_1641,Penn Station,1641,1,86
10,GO404_19_65,GO404_19_1701,Penn Station,1701,1,86
10,GO404_19_65,GO404_19_1702,Huntington,1702,0,84
10,GO404_19_65,GO404_19_1705,Penn Station,1705,1,86
10,GO404_19_65,GO404_19_1706,Huntington,1706,0,84
10,GO404_19_65,GO404_19_1707,Penn Station,1707,1,86
10,GO404_19_65,GO404_19_1709,Penn Station,1709,1,86
10,GO404_19_65,GO404_19_1712,Huntington,1712,0,84
10,GO404_19_65,GO404_19_1713,Penn Station,1713,1,86
10,GO404_19_65,GO404_19_1714,Huntington,1714,0,84
10,GO404_19_65,GO404_19_1715,Penn Station,1715,1,86
10,GO404_19_65,GO404_19_1716,Huntington,1716,0,84
10,GO404_19_65,GO404_19_1717,Penn Station,1717,1,86
10,GO404_19_65,GO404_19_1718,Huntington,1718,0,84
10,GO404_19_65,GO404_19_1719,Penn Station,1719,1,86
10,GO404_19_65,GO404_19_1721,Penn Station,1721,1,86
10,GO404_19_117,GO404_19_1722,Huntington,1722,0,84
10,GO404_19_116,GO404_19_1722_1,Huntington,0,0,84
10,GO404_19_65,GO404_19_1723,Penn Station,1723,1,86
10,GO404_19_65,GO404_19_1725,Penn Station,1725,1,86
10,GO404_19_65,GO404_19_1726,Huntington,1726,0,84
10,GO404_19_65,GO404_19_1727,Penn Station,1727,1,86
10,GO404_19_65,GO404_19_1728,Huntington,1728,0,92
10,GO404_19_65,GO404_19_1729,Penn Station,1729,1,86
10,GO404_19_65,GO404_19_1730,Huntington,1730,0,84
10,GO404_19_65,GO404_19_1732,Huntington,1732,0,84
10,GO404_19_65,GO404_19_1734,Huntington,1734,0,84
10,GO404_19_65,GO404_19_1736,Huntington,1736,0,84
10,GO404_19_65,GO404_19_1738,Huntington,1738,0,84
10,GO404_19_65,GO404_19_1740,Huntington,1740,0,84
10,GO404_19_65,GO404_19_1742,Huntington,1742,0,84
10,GO404_19_65,GO404_19_1744,Huntington,1744,0,84
10,GO404_19_65,GO404_19_1746,Huntington,1746,0,84
10,GO404_19_65,GO404_19_1750,Huntington,1750,0,84
10,GO404_19_65,GO404_19_1752,Huntington,1752,0,84
10,GO404_19_65,GO404_19_1754,Huntington,1754,0,84
4,GO404_19_65,GO404_19_2000,Ronkonkoma,2000,0,39
4,GO404_19_65,GO404_19_2001,Penn Station,2001,1,37
4,GO404_19_65,GO404_19_2002,Ronkonkoma,2002,0,39
4,GO404_19_65,GO404_19_2003,Penn Station,2003,1,37
4,GO404_19_65,GO404_19_2004,Ronkonkoma,2004,0,39
4,GO404_19_65,GO404_19_2005,Penn Station,2005,1,37
4,GO404_19_65,GO404_19_2006,Ronkonkoma,2006,0,39
4,GO404_19_65,GO404_19_2007,Penn Station,2007,1,37
4,GO404_19_65,GO404_19_2008,Ronkonkoma,2008,0,39
4,GO404_19_65,GO404_19_2009,Penn Station,2009,1,37
4,GO404_19_65,GO404_19_2010,Ronkonkoma,2010,0,39
4,GO404_19_65,GO404_19_2011,Penn Station,2011,1,37
4,GO404_19_65,GO404_19_2012,Ronkonkoma,2012,0,39
4,GO404_19_65,GO404_19_2013,Penn Station,2013,1,37
4,GO404_19_65,GO404_19_2014,Ronkonkoma,2014,0,39
4,GO404_19_65,GO404_19_2015,Penn Station,2015,1,37
4,GO404_19_65,GO404_19_2016,Ronkonkoma,2016,0,39
4,GO404_19_65,GO404_19_2017,Penn Station,2017,1,41
4,GO404_19_65,GO404_19_2018,Ronkonkoma,2018,0,39
4,GO404_19_65,GO404_19_2019,Atlantic Terminal,2019,1,32
4,GO404_19_65,GO404_19_2021,Penn Station,2021,1,37
4,GO404_19_65,GO404_19_2023,Penn Station,2023,1,37
4,GO404_19_65,GO404_19_2025,Penn Station,2025,1,37
4,GO404_19_65,GO404_19_2031,Atlantic Terminal,2031,1,32
4,GO404_19_65,GO404_19_2033,Penn Station,2033,1,37
4,GO404_19_65,GO404_19_2035,Penn Station,2035,1,37
4,GO404_19_65,GO404_19_2037,Penn Station,2037,1,37
4,GO404_19_65,GO404_19_2039,Penn Station,2039,1,37
4,GO404_19_65,GO404_19_2041,Penn Station,2041,1,37
4,GO404_19_65,GO404_19_2050,Ronkonkoma,2050,0,39
4,GO404_19_65,GO404_19_2051,Penn Station,2051,1,37
4,GO404_19_65,GO404_19_2052,Ronkonkoma,2052,0,39
4,GO404_19_65,GO404_19_2053,Penn Station,2053,1,37
4,GO404_19_65,GO404_19_2054,Ronkonkoma,2054,0,39
4,GO404_19_65,GO404_19_2055,Penn Station,2055,1,37
4,GO404_19_65,GO404_19_2056,Ronkonkoma,2056,0,39
4,GO404_19_65,GO404_19_2057,Penn Station,2057,1,37
4,GO404_19_65,GO404_19_2058,Ronkonkoma,2058,0,39
4,GO404_19_65,GO404_19_2059,Penn Station,2059,1,37
4,GO404_19_65,GO404_19_2060,Ronkonkoma,2060,0,39
4,GO404_19_65,GO404_19_2061,Penn Station,2061,1,37
4,GO404_19_65,GO404_19_2062,Ronkonkoma,2062,0,39
4,GO404_19_65,GO404_19_2063,Penn Station,2063,1,37
4,GO404_19_65,GO404_19_2064,Ronkonkoma,2064,0,39
4,GO404_19_65,GO404_19_2065,Penn Station,2065,1,37
4,GO404_19_65,GO404_19_2066,Ronkonkoma,2066,0,39
4,GO404_19_65,GO404_19_2067,Penn Station,2067,1,37
4,GO404_19_65,GO404_19_2068,Ronkonkoma,2068,0,132
4,GO404_19_65,GO404_19_2069,Penn Station,2069,1,37
4,GO404_19_65,GO404_19_2070,Ronkonkoma,2070,0,39
4,GO404_19_65,GO404_19_2071,Penn Station,2071,1,37
4,GO404_19_65,GO404_19_2072,Ronkonkoma,2072,0,39
4,GO404_19_65,GO404_19_2073,Penn Station,2073,1,37
4,GO404_19_65,GO404_19_2075,Penn Station,2075,1,37
4,GO404_19_65,GO404_19_2076,Ronkonkoma,2076,0,35
4,GO404_19_117,GO404_19_2078,Ronkonkoma,2078,0,39
4,GO404_19_116,GO404_19_2078_1,Ronkonkoma,0,0,39
4,GO404_19_65,GO404_19_2080,Ronkonkoma,2080,0,39
4,GO404_19_65,GO404_19_2082,Ronkonkoma,2082,0,39
4,GO404_19_65,GO404_19_2084,Ronkonkoma,2084,0,39
4,GO404_19_65,GO404_19_2086,Ronkonkoma,2086,0,39
4,GO404_19_65,GO404_19_2088,Ronkonkoma,2088,0,39
4,GO404_19_65,GO404_19_2090,Ronkonkoma,2090,0,39
4,GO404_19_65,GO404_19_2092,Ronkonkoma,2092,0,39
4,GO404_19_65,GO404_19_2094,Ronkonkoma,2094,0,39
4,GO404_19_65,GO404_19_2096,Ronkonkoma,2096,0,35
4,GO404_19_65,GO404_19_2098,Ronkonkoma,2098,0,39
4,GO404_19_65,GO404_19_2099,Penn Station,2099,1,37
4,GO404_19_65,GO404_19_2102,Ronkonkoma,2102,0,39
4,GO404_19_65,GO404_19_2301,Penn Station,2301,1,42
4,GO404_19_65,GO404_19_2303,Penn Station,2303,1,42
4,GO404_19_65,GO404_19_2309,Penn Station,2309,1,42
4,GO404_19_65,GO404_19_2315,Penn Station,2315,1,42
4,GO404_19_65,GO404_19_2317,Penn Station,2317,1,42
4,GO404_19_65,GO404_19_2319,Penn Station,2319,1,42
4,GO404_19_65,GO404_19_2350,Farmingdale,2350,0,40
4,GO404_19_65,GO404_19_2354,Farmingdale,2354,0,40
4,GO404_19_65,GO404_19_2391,Penn Station,2391,1,42
10,GO404_19_65,GO404_19_2401,Penn Station,2401,1,125
10,GO404_19_65,GO404_19_2403,Penn Station,2403,1,125
5,GO404_19_65,GO404_19_2701,Babylon,2701,1,133
5,GO404_19_65,GO404_19_2702,Montauk,2702,0,141
5,GO404_19_117,GO404_19_2703,Long Island City,2703,1,144
5,GO404_19_116,GO404_19_2703_1,Jamaica,0,1,134
5,GO404_19_107,GO404_19_2704,Montauk,2704,0,135
5,GO404_19_107,GO404_19_2706,Montauk,2706,0,120
5,GO404_19_65,GO404_19_2707,Jamaica,2707,1,122
5,GO404_19_65,GO404_19_2709,Jamaica,2709,1,150
5,GO404_19_105,GO404_19_2710,Montauk,2710,0,20
5,GO404_19_65,GO404_19_2711,Jamaica,2711,1,150
5,GO404_19_65,GO404_19_2712,Montauk,2712,0,119
5,GO404_19_65,GO404_19_2716,Montauk,2716,0,141
5,GO404_19_65,GO404_19_2720,Montauk,2720,0,151
5,GO404_19_65,GO404_19_2730,Speonk,2730,0,136
5,GO404_19_65,GO404_19_2731,Babylon,2731,1,137
5,GO404_19_65,GO404_19_2734,Speonk,2734,0,136
5,GO404_19_117,GO404_19_2735,Long Island City,2735,1,155
5,GO404_19_116,GO404_19_2735_1,Jamaica,0,1,138
5,GO404_19_65,GO404_19_2737,Penn Station,2737,1,126
5,GO404_19_65,GO404_19_2738,Speonk,2738,0,136
5,GO404_19_65,GO404_19_2739,Hunterspoint Avenue,2739,1,145
5,GO404_19_107,GO404_19_2740,Speonk,2740,0,128
5,GO404_19_65,GO404_19_2741,Babylon,2741,1,137
5,GO404_19_107,GO404_19_2742,Speonk,2742,0,3
5,GO404_19_65,GO404_19_2743,Jamaica,2743,1,146
5,GO404_19_65,GO404_19_2744,Speonk,2744,0,136
5,GO404_19_65,GO404_19_2746,Speonk,2746,0,136
5,GO404_19_65,GO404_19_2747,Jamaica,2747,1,152
5,GO404_19_65,GO404_19_2749,Babylon,2749,1,137
5,GO404_19_65,GO404_19_2761,Babylon,2761,1,139
5,GO404_19_65,GO404_19_2762,Patchogue,2762,0,147
5,GO404_19_65,GO404_19_2764,Patchogue,2764,0,121
5,GO404_19_65,GO404_19_2765,Babylon,2765,1,139
5,GO404_19_65,GO404_19_2766,Patchogue,2766,0,143
5,GO404_19_65,GO404_19_2767,Babylon,2767,1,139
5,GO404_19_65,GO404_19_2768,Patchogue,2768,0,147
5,GO404_19_65,GO404_19_2769,Babylon,2769,1,139
5,GO404_19_65,GO404_19_2770,Patchogue,2770,0,147
5,GO404_19_65,GO404_19_2771,Babylon,2771,1,139
5,GO404_19_65,GO404_19_2772,Patchogue,2772,0,142
5,GO404_19_101,GO404_19_2773,Babylon,2773,1,156
5,GO404_19_65,GO404_19_2774,Patchogue,2774,0,147
5,GO404_19_65,GO404_19_2775,Babylon,2775,1,139
5,GO404_19_65,GO404_19_2777,Babylon,2777,1,139
5,GO404_19_65,GO404_19_2778,Patchogue,2778,0,148
5,GO404_19_65,GO404_19_2779,Babylon,2779,1,139
5,GO404_19_65,GO404_19_2780,Patchogue,2780,0,147
5,GO404_19_65,GO404_19_2781,Babylon,2781,1,139
5,GO404_19_65,GO404_19_2782,Patchogue,2782,0,147
5,GO404_19_65,GO404_19_2791,Penn Station,2791,1,10
7,GO404_19_65,GO404_19_2800,Far Rockaway,2800,0,158
7,GO404_19_65,GO404_19_2801,Atlantic Terminal,2801,1,159
7,GO404_19_65,GO404_19_2802,Far Rockaway,2802,0,158
7,GO404_19_65,GO404_19_2803,Jamaica,2803,1,160
7,GO404_19_65,GO404_19_2804,Far Rockaway,2804,0,162
7,GO404_19_65,GO404_19_2805,Jamaica,2805,1,160
7,GO404_19_65,GO404_19_2806,Far Rockaway,2806,0,158
7,GO404_19_65,GO404_19_2807,Atlantic Terminal,2807,1,159
7,GO404_19_65,GO404_19_2809,Penn Station,2809,1,165
7,GO404_19_65,GO404_19_2810,Far Rockaway,2810,0,158
7,GO404_19_65,GO404_19_2811,Atlantic Terminal,2811,1,159
7,GO404_19_65,GO404_19_2812,Far Rockaway,2812,0,158
7,GO404_19_65,GO404_19_2813,Penn Station,2813,1,165
7,GO404_19_65,GO404_19_2814,Far Rockaway,2814,0,158
7,GO404_19_65,GO404_19_2815,Penn Station,2815,1,165
7,GO404_19_65,GO404_19_2816,Far Rockaway,2816,0,158
7,GO404_19_65,GO404_19_2817,Atlantic Terminal,2817,1,159
7,GO404_19_65,GO404_19_2818,Far Rockaway,2818,0,158
7,GO404_19_65,GO404_19_2819,Penn Station,2819,1,166
7,GO404_19_65,GO404_19_2820,Far Rockaway,2820,0,158
7,GO404_19_65,GO404_19_2821,Penn Station,2821,1,165
7,GO404_19_65,GO404_19_2825,Penn Station,2825,1,165
7,GO404_19_65,GO404_19_2827,Atlantic Terminal,2827,1,159
7,GO404_19_65,GO404_19_2829,Atlantic Terminal,2829,1,159
7,GO404_19_65,GO404_19_2831,Atlantic Terminal,2831,1,159
7,GO404_19_65,GO404_19_2833,Atlantic Terminal,2833,1,159
7,GO404_19_65,GO404_19_2850,Far Rockaway,2850,0,158
7,GO404_19_65,GO404_19_2851,Atlantic Terminal,2851,1,159
7,GO404_19_65,GO404_19_2852,Far Rockaway,2852,0,158
7,GO404_19_65,GO404_19_2853,Atlantic Terminal,2853,1,159
7,GO404_19_65,GO404_19_2854,Far Rockaway,2854,0,158
7,GO404_19_65,GO404_19_2855,Atlantic Terminal,2855,1,159
7,GO404_19_65,GO404_19_2856,Far Rockaway,2856,0,158
7,GO404_19_65,GO404_19_2857,Atlantic Terminal,2857,1,159
7,GO404_19_65,GO404_19_2859,Atlantic Terminal,2859,1,159
7,GO404_19_65,GO404_19_2860,Far Rockaway,2860,0,158
7,GO404_19_65,GO404_19_2861,Atlantic Terminal,2861,1,159
7,GO404_19_65,GO404_19_2862,Far Rockaway,2862,0,158
12,GO404_19_65,GO404_19_2863,Atlantic Terminal,2863,1,163
7,GO404_19_65,GO404_19_2864,Far Rockaway,2864,0,167
7,GO404_19_65,GO404_19_2865,Atlantic Terminal,2865,1,159
7,GO404_19_65,GO404_19_2866,Far Rockaway,2866,0,158
7,GO404_19_65,GO404_19_2867,Atlantic Terminal,2867,1,159
7,GO404_19_65,GO404_19_2868,Far Rockaway,2868,0,168
7,GO404_19_65,GO404_19_2869,Atlantic Terminal,2869,1,159
7,GO404_19_65,GO404_19_2870,Far Rockaway,2870,0,158
7,GO404_19_65,GO404_19_2871,Atlantic Terminal,2871,1,159
7,GO404_19_65,GO404_19_2872,Far Rockaway,2872,0,167
7,GO404_19_65,GO404_19_2873,Atlantic Terminal,2873,1,159
7,GO404_19_65,GO404_19_2874,Far Rockaway,2874,0,158
7,GO404_19_65,GO404_19_2875,Atlantic Terminal,2875,1,159
7,GO404_19_65,GO404_19_2876,Far Rockaway,2876,0,158
7,GO404_19_65,GO404_19_2877,Atlantic Terminal,2877,1,159
7,GO404_19_65,GO404_19_2878,Far Rockaway,2878,0,158
7,GO404_19_65,GO404_19_2880,Far Rockaway,2880,0,158
7,GO404_19_65,GO404_19_2882,Far Rockaway,2882,0,158
7,GO404_19_65,GO404_19_2884,Far Rockaway,2884,0,158
7,GO404_19_65,GO404_19_2886,Far Rockaway,2886,0,158
7,GO404_19_100,GO404_19_2898,Far Rockaway,2898,0,168
7,GO404_19_65,GO404_19_2899,Atlantic Terminal,2899,1,159
1,GO404_19_73,GO404_19_6000,Babylon,6000,0,15
1,GO404_19_73,GO404_19_6001,Penn Station,6001,1,4
1,GO404_19_73,GO404_19_6002,Babylon,6002,0,15
1,GO404_19_73,GO404_19_6003,Penn Station,6003,1,14
1,GO404_19_73,GO404_19_6004,Babylon,6004,0,15
1,GO404_19_73,GO404_19_6005,Penn Station,6005,1,14
1,GO404_19_73,GO404_19_6006,Babylon,6006,0,15
1,GO404_19_73,GO404_19_6007,Penn Station,6007,1,14
1,GO404_19_73,GO404_19_6008,Babylon,6008,0,15
1,GO404_19_73,GO404_19_6009,Penn Station,6009,1,14
1,GO404_19_73,GO404_19_6010,Babylon,6010,0,15
1,GO404_19_73,GO404_19_6011,Penn Station,6011,1,4
1,GO404_19_73,GO404_19_6012,Babylon,6012,0,1
1,GO404_19_73,GO404_19_6014,Babylon,6014,0,1
1,GO404_19_73,GO404_19_6015,Penn Station,6015,1,4
1,GO404_19_73,GO404_19_6016,Babylon,6016,0,1
1,GO404_19_73,GO404_19_6017,Penn Station,6017,1,4
1,GO404_19_73,GO404_19_6018,Babylon,6018,0,1
1,GO404_19_73,GO404_19_6019,Penn Station,6019,1,4
1,GO404_19_73,GO404_19_6020,Babylon,6020,0,1
1,GO404_19_73,GO404_19_6021,Penn Station,6021,1,4
1,GO404_19_73,GO404_19_6022,Babylon,6022,0,1
1,GO404_19_73,GO404_19_6023,Penn Station,6023,1,4
1,GO404_19_73,GO404_19_6024,Babylon,6024,0,1
1,GO404_19_73,GO404_19_6025,Penn Station,6025,1,4
1,GO404_19_73,GO404_19_6026,Babylon,6026,0,1
1,GO404_19_73,GO404_19_6027,Penn Station,6027,1,4
1,GO404_19_73,GO404_19_6030,Babylon,6030,0,1
1,GO404_19_73,GO404_19_6031,Penn Station,6031,1,4
1,GO404_19_73,GO404_19_6032,Babylon,6032,0,1
1,GO404_19_73,GO404_19_6033,Penn Station,6033,1,4
1,GO404_19_73,GO404_19_6034,Babylon,6034,0,1
1,GO404_19_73,GO404_19_6035,Penn Station,6035,1,4
1,GO404_19_73,GO404_19_6100,Babylon,6100,0,1
1,GO404_19_73,GO404_19_6101,Penn Station,6101,1,4
1,GO404_19_73,GO404_19_6102,Babylon,6102,0,1
1,GO404_19_73,GO404_19_6103,Penn Station,6103,1,4
1,GO404_19_73,GO404_19_6104,Babylon,6104,0,1
1,GO404_19_73,GO404_19_6105,Penn Station,6105,1,4
1,GO404_19_73,GO404_19_6107,Penn Station,6107,1,4
1,GO404_19_73,GO404_19_6108,Babylon,6108,0,1
1,GO404_19_73,GO404_19_6109,Penn Station,6109,1,4
1,GO404_19_73,GO404_19_6110,Babylon,6110,0,1
1,GO404_19_73,GO404_19_6111,Penn Station,6111,1,4
1,GO404_19_73,GO404_19_6112,Babylon,6112,0,1
1,GO404_19_73,GO404_19_6113,Penn Station,6113,1,4
1,GO404_19_73,GO404_19_6114,Babylon,6114,0,1
1,GO404_19_73,GO404_19_6115,Penn Station,6115,1,4
1,GO404_19_73,GO404_19_6116,Babylon,6116,0,1
1,GO404_19_73,GO404_19_6118,Babylon,6118,0,1
1,GO404_19_73,GO404_19_6119,Penn Station,6119,1,4
1,GO404_19_73,GO404_19_6120,Babylon,6120,0,1
1,GO404_19_73,GO404_19_6121,Penn Station,6121,1,4
1,GO404_19_73,GO404_19_6122,Babylon,6122,0,1
1,GO404_19_73,GO404_19_6124,Babylon,6124,0,1
1,GO404_19_73,GO404_19_6125,Penn Station,6125,1,4
1,GO404_19_73,GO404_19_6126,Babylon,6126,0,1
1,GO404_19_73,GO404_19_6127,Penn Station,6127,1,4
1,GO404_19_73,GO404_19_6128,Babylon,6128,0,1
1,GO404_19_73,GO404_19_6129,Penn Station,6129,1,4
1,GO404_19_73,GO404_19_6130,Babylon,6130,0,1
1,GO404_19_73,GO404_19_6131,Penn Station,6131,1,4
1,GO404_19_73,GO404_19_6132,Babylon,6132,0,1
1,GO404_19_73,GO404_19_6133,Penn Station,6133,1,4
1,GO404_19_73,GO404_19_6134,Babylon,6134,0,1
1,GO404_19_73,GO404_19_6135,Penn Station,6135,1,4
1,GO404_19_73,GO404_19_6136,Babylon,6136,0,1
1,GO404_19_73,GO404_19_6137,Penn Station,6137,1,4
1,GO404_19_73,GO404_19_6138,Babylon,6138,0,1
1,GO404_19_73,GO404_19_6140,Babylon,6140,0,1
1,GO404_19_73,GO404_19_6141,Penn Station,6141,1,4
1,GO404_19_73,GO404_19_6142,Babylon,6142,0,1
1,GO404_19_73,GO404_19_6143,Penn Station,6143,1,4
1,GO404_19_73,GO404_19_6144,Babylon,6144,0,1
1,GO404_19_73,GO404_19_6145,Penn Station,6145,1,4
1,GO404_19_73,GO404_19_6146,Babylon,6146,0,1
1,GO404_19_73,GO404_19_6147,Penn Station,6147,1,4
1,GO404_19_73,GO404_19_6148,Babylon,6148,0,1
1,GO404_19_73,GO404_19_6149,Penn Station,6149,1,4
1,GO404_19_73,GO404_19_6151,Penn Station,6151,1,4
1,GO404_19_73,GO404_19_6153,Penn Station,6153,1,14
4,GO404_19_73,GO404_19_6202,Greenport,6202,0,31
4,GO404_19_73,GO404_19_6250,Greenport,6250,0,31
4,GO404_19_73,GO404_19_6251,Ronkonkoma,6251,1,29
4,GO404_19_73,GO404_19_6253,Ronkonkoma,6253,1,29
9,GO404_19_73,GO404_19_6400,Port Washington,6400,0,47
9,GO404_19_73,GO404_19_6401,Penn Station,6401,1,48
9,GO404_19_73,GO404_19_6402,Port Washington,6402,0,47
9,GO404_19_73,GO404_19_6403,Penn Station,6403,1,48
9,GO404_19_73,GO404_19_6404,Port Washington,6404,0,47
9,GO404_19_73,GO404_19_6405,Penn Station,6405,1,48
9,GO404_19_73,GO404_19_6406,Port Washington,6406,0,47
9,GO404_19_73,GO404_19_6407,Penn Station,6407,1,48
9,GO404_19_73,GO404_19_6408,Port Washington,6408,0,47
9,GO404_19_73,GO404_19_6410,Port Washington,6410,0,47
9,GO404_19_73,GO404_19_6411,Penn Station,6411,1,48
9,GO404_19_73,GO404_19_6412,Port Washington,6412,0,47
9,GO404_19_73,GO404_19_6413,Penn Station,6413,1,48
9,GO404_19_73,GO404_19_6414,Port Washington,6414,0,47
9,GO404_19_73,GO404_19_6415,Penn Station,6415,1,48
9,GO404_19_73,GO404_19_6416,Port Washington,6416,0,47
9,GO404_19_73,GO404_19_6417,Penn Station,6417,1,48
9,GO404_19_73,GO404_19_6418,Port Washington,6418,0,47
9,GO404_19_73,GO404_19_6419,Penn Station,6419,1,48
9,GO404_19_73,GO404_19_6420,Port Washington,6420,0,47
9,GO404_19_73,GO404_19_6421,Penn Station,6421,1,48
9,GO404_19_73,GO404_19_6422,Port Washington,6422,0,47
9,GO404_19_73,GO404_19_6423,Penn Station,6423,1,48
9,GO404_19_73,GO404_19_6424,Port Washington,6424,0,47
9,GO404_19_73,GO404_19_6425,Penn Station,6425,1,48
9,GO404_19_73,GO404_19_6426,Port Washington,6426,0,47
9,GO404_19_73,GO404_19_6427,Penn Station,6427,1,48
9,GO404_19_73,GO404_19_6428,Port Washington,6428,0,47
9,GO404_19_73,GO404_19_6429,Penn Station,6429,1,48
9,GO404_19_73,GO404_19_6431,Penn Station,6431,1,48
9,GO404_19_73,GO404_19_6450,Port Washington,6450,0,47
9,GO404_19_73,GO404_19_6451,Penn Station,6451,1,48
9,GO404_19_73,GO404_19_6452,Port Washington,6452,0,47
9,GO404_19_73,GO404_19_6453,Penn Station,6453,1,48
9,GO404_19_73,GO404_19_6454,Port Washington,6454,0,47
9,GO404_19_73,GO404_19_6455,Penn Station,6455,1,48
9,GO404_19_73,GO404_19_6456,Port Washington,6456,0,47
9,GO404_19_73,GO404_19_6457,Penn Station,6457,1,48
9,GO404_19_73,GO404_19_6458,Port Washington,6458,0,47
9,GO404_19_73,GO404_19_6459,Penn Station,6459,1,48
9,GO404_19_73,GO404_19_6460,Port Washington,6460,0,47
9,GO404_19_73,GO404_19_6461,Penn Station,6461,1,48
9,GO404_19_73,GO404_19_6462,Port Washington,6462,0,47
9,GO404_19_73,GO404_19_6463,Penn Station,6463,1,48
9,GO404_19_73,GO404_19_6464,Port Washington,6464,0,47
9,GO404_19_73,GO404_19_6465,Penn Station,6465,1,48
9,GO404_19_73,GO404_19_6466,Port Washington,6466,0,47
9,GO404_19_73,GO404_19_6467,Penn Station,6467,1,48
9,GO404_19_73,GO404_19_6468,Port Washington,6468,0,47
9,GO404_19_73,GO404_19_6469,Penn Station,6469,1,48
9,GO404_19_73,GO404_19_6470,Port Washington,6470,0,47
9,GO404_19_73,GO404_19_6471,Penn Station,6471,1,48
9,GO404_19_73,GO404_19_6472,Port Washington,6472,0,47
9,GO404_19_73,GO404_19_6473,Penn Station,6473,1,48
9,GO404_19_73,GO404_19_6474,Port Washington,6474,0,47
9,GO404_19_73,GO404_19_6475,Penn Station,6475,1,48
9,GO404_19_73,GO404_19_6476,Port Washington,6476,0,47
9,GO404_19_73,GO404_19_6477,Penn Station,6477,1,48
9,GO404_19_73,GO404_19_6478,Port Washington,6478,0,47
9,GO404_19_73,GO404_19_6479,Penn Station,6479,1,48
9,GO404_19_73,GO404_19_6480,Port Washington,6480,0,47
9,GO404_19_73,GO404_19_6481,Penn Station,6481,1,48
9,GO404_19_73,GO404_19_6482,Port Washington,6482,0,47
9,GO404_19_73,GO404_19_6483,Penn Station,6483,1,48
9,GO404_19_73,GO404_19_6484,Port Washington,6484,0,47
9,GO404_19_73,GO404_19_6485,Penn Station,6485,1,48
9,GO404_19_73,GO404_19_6486,Port Washington,6486,0,47
9,GO404_19_73,GO404_19_6487,Penn Station,6487,1,48
9,GO404_19_73,GO404_19_6488,Port Washington,6488,0,47
9,GO404_19_73,GO404_19_6489,Penn Station,6489,1,48
9,GO404_19_73,GO404_19_6490,Port Washington,6490,0,47
9,GO404_19_73,GO404_19_6491,Penn Station,6491,1,48
9,GO404_19_73,GO404_19_6492,Port Washington,6492,0,47
9,GO404_19_73,GO404_19_6493,Penn Station,6493,1,48
9,GO404_19_73,GO404_19_6494,Port Washington,6494,0,47
9,GO404_19_73,GO404_19_6497,Penn Station,6497,1,48
3,GO404_19_73,GO404_19_6500,Oyster Bay,6500,0,49
3,GO404_19_73,GO404_19_6501,Jamaica,6501,1,50
3,GO404_19_73,GO404_19_6502,Oyster Bay,6502,0,49
3,GO404_19_73,GO404_19_6503,Jamaica,6503,1,50
3,GO404_19_73,GO404_19_6504,Oyster Bay,6504,0,49
3,GO404_19_73,GO404_19_6505,Jamaica,6505,1,50
3,GO404_19_73,GO404_19_6506,Oyster Bay,6506,0,49
3,GO404_19_73,GO404_19_6507,Jamaica,6507,1,50
3,GO404_19_73,GO404_19_6550,Oyster Bay,6550,0,49
3,GO404_19_73,GO404_19_6551,Jamaica,6551,1,50
3,GO404_19_73,GO404_19_6552,Oyster Bay,6552,0,49
3,GO404_19_73,GO404_19_6554,Oyster Bay,6554,0,49
3,GO404_19_73,GO404_19_6555,Jamaica,6555,1,50
3,GO404_19_73,GO404_19_6556,Oyster Bay,6556,0,49
3,GO404_19_73,GO404_19_6557,Jamaica,6557,1,50
3,GO404_19_73,GO404_19_6558,Oyster Bay,6558,0,49
3,GO404_19_73,GO404_19_6559,Jamaica,6559,1,50
3,GO404_19_73,GO404_19_6560,Oyster Bay,6560,0,49
3,GO404_19_73,GO404_19_6561,Jamaica,6561,1,50
3,GO404_19_73,GO404_19_6562,Oyster Bay,6562,0,49
3,GO404_19_73,GO404_19_6563,Jamaica,6563,1,50
3,GO404_19_73,GO404_19_6565,Jamaica,6565,1,50
10,GO404_19_132,GO404_19_6600,Port Jefferson,6600,0,62
10,GO404_19_132,GO404_19_6601,Jamaica,6601,1,71
10,GO404_19_132,GO404_19_6602,Port Jefferson,6602,0,67
10,GO404_19_132,GO404_19_6603,Huntington,6603,1,63
10,GO404_19_132,GO404_19_6604,Port Jefferson,6604,0,68
10,GO404_19_132,GO404_19_6605,Huntington,6605,1,63
10,GO404_19_132,GO404_19_6606,Port Jefferson,6606,0,68
10,GO404_19_132,GO404_19_6607,Penn Station,6607,1,80
10,GO404_19_132,GO404_19_6608,Port Jefferson,6608,0,68
10,GO404_19_132,GO404_19_6609,Penn Station,6609,1,80
10,GO404_19_132,GO404_19_6610,Port Jefferson,6610,0,62
10,GO404_19_132,GO404_19_6611,Huntington,6611,1,63
10,GO404_19_132,GO404_19_6651,Huntington,6651,1,69
10,GO404_19_132,GO404_19_6652,Port Jefferson,6652,0,79
10,GO404_19_132,GO404_19_6653,Huntington,6653,1,69
10,GO404_19_132,GO404_19_6654,Port Jefferson,6654,0,62
10,GO404_19_132,GO404_19_6655,Huntington,6655,1,63
10,GO404_19_132,GO404_19_6656,Port Jefferson,6656,0,81
10,GO404_19_73,GO404_19_6657,Huntington,6657,1,69
10,GO404_19_73,GO404_19_6658,Port Jefferson,6658,0,81
10,GO404_19_73,GO404_19_6659,Huntington,6659,1,63
10,GO404_19_73,GO404_19_6660,Port Jefferson,6660,0,79
10,GO404_19_73,GO404_19_6661,Huntington,6661,1,63
10,GO404_19_73,GO404_19_6662,Port Jefferson,6662,0,79
10,GO404_19_73,GO404_19_6663,Huntington,6663,1,63
10,GO404_19_73,GO404_19_6664,Port Jefferson,6664,0,79
10,GO404_19_73,GO404_19_6665,Huntington,6665,1,63
10,GO404_19_73,GO404_19_6666,Port Jefferson,6666,0,79
2,GO404_19_73,GO404_19_6700,Hempstead,6700,0,93
2,GO404_19_73,GO404_19_6701,Atlantic Terminal,6701,1,94
2,GO404_19_73,GO404_19_6702,Hempstead,6702,0,93
2,GO404_19_73,GO404_19_6703,Jamaica,6703,1,95
2,GO404_19_73,GO404_19_6704,Hempstead,6704,0,96
2,GO404_19_73,GO404_19_6705,Jamaica,6705,1,95
2,GO404_19_73,GO404_19_6706,Hempstead,6706,0,96
2,GO404_19_73,GO404_19_6707,Jamaica,6707,1,95
2,GO404_19_130,GO404_19_6707_1,Atlantic Terminal,0,1,94
2,GO404_19_73,GO404_19_6708,Hempstead,6708,0,93
2,GO404_19_73,GO404_19_6709,Atlantic Terminal,6709,1,94
2,GO404_19_73,GO404_19_6710,Hempstead,6710,0,93
2,GO404_19_73,GO404_19_6711,Atlantic Terminal,6711,1,94
2,GO404_19_73,GO404_19_6712,Hempstead,6712,0,93
2,GO404_19_73,GO404_19_6713,Atlantic Terminal,6713,1,94
2,GO404_19_73,GO404_19_6714,Hempstead,6714,0,93
2,GO404_19_73,GO404_19_6716,Hempstead,6716,0,93
2,GO404_19_73,GO404_19_6717,Atlantic Terminal,6717,1,94
2,GO404_19_73,GO404_19_6718,Hempstead,6718,0,93
2,GO404_19_73,GO404_19_6719,Atlantic Terminal,6719,1,94
2,GO404_19_73,GO404_19_6721,Atlantic Terminal,6721,1,94
2,GO404_19_73,GO404_19_6750,Hempstead,6750,0,93
2,GO404_19_73,GO404_19_6751,Atlantic Terminal,6751,1,94
2,GO404_19_73,GO404_19_6752,Hempstead,6752,0,93
2,GO404_19_73,GO404_19_6753,Atlantic Terminal,6753,1,94
2,GO404_19_73,GO404_19_6754,Hempstead,6754,0,93
2,GO404_19_73,GO404_19_6755,Atlantic Terminal,6755,1,94
2,GO404_19_73,GO404_19_6756,Hempstead,6756,0,93
2,GO404_19_73,GO404_19_6757,Atlantic Terminal,6757,1,94
2,GO404_19_73,GO404_19_6758,Hempstead,6758,0,93
2,GO404_19_73,GO404_19_6759,Atlantic Terminal,6759,1,94
2,GO404_19_73,GO404_19_6760,Hempstead,6760,0,93
2,GO404_19_73,GO404_19_6761,Atlantic Terminal,6761,1,94
2,GO404_19_73,GO404_19_6762,Hempstead,6762,0,93
2,GO404_19_73,GO404_19_6763,Atlantic Terminal,6763,1,94
2,GO404_19_73,GO404_19_6764,Hempstead,6764,0,93
2,GO404_19_73,GO404_19_6765,Atlantic Terminal,6765,1,94
2,GO404_19_73,GO404_19_6766,Hempstead,6766,0,93
2,GO404_19_73,GO404_19_6767,Atlantic Terminal,6767,1,94
2,GO404_19_73,GO404_19_6768,Hempstead,6768,0,93
2,GO404_19_73,GO404_19_6769,Atlantic Terminal,6769,1,94
2,GO404_19_73,GO404_19_6770,Hempstead,6770,0,93
2,GO404_19_73,GO404_19_6771,Atlantic Terminal,6771,1,94
2,GO404_19_73,GO404_19_6772,Hempstead,6772,0,93
2,GO404_19_73,GO404_19_6773,Atlantic Terminal,6773,1,94
6,GO404_19_73,GO404_19_6801,Jamaica,6801,1,99
6,GO404_19_73,GO404_19_6802,Long Beach,6802,0,101
6,GO404_19_73,GO404_19_6804,Long Beach,6804,0,103
6,GO404_19_73,GO404_19_6805,Jamaica,6805,1,99
6,GO404_19_73,GO404_19_6806,Long Beach,6806,0,104
6,GO404_19_73,GO404_19_6807,Penn Station,6807,1,105
6,GO404_19_73,GO404_19_6808,Long Beach,6808,0,104
6,GO404_19_73,GO404_19_6809,Penn Station,6809,1,105
6,GO404_19_73,GO404_19_6810,Long Beach,6810,0,104
6,GO404_19_73,GO404_19_6812,Long Beach,6812,0,104
6,GO404_19_73,GO404_19_6813,Penn Station,6813,1,105
6,GO404_19_73,GO404_19_6814,Long Beach,6814,0,104
6,GO404_19_73,GO404_19_6815,Penn Station,6815,1,105
6,GO404_19_73,GO404_19_6817,Penn Station,6817,1,105
6,GO404_19_73,GO404_19_6818,Long Beach,6818,0,104
6,GO404_19_73,GO404_19_6819,Penn Station,6819,1,105
6,GO404_19_73,GO404_19_6820,Long Beach,6820,0,104
6,GO404_19_73,GO404_19_6821,Penn Station,6821,1,105
6,GO404_19_73,GO404_19_6850,Long Beach,6850,0,104
6,GO404_19_73,GO404_19_6851,Penn Station,6851,1,105
6,GO404_19_73,GO404_19_6852,Long Beach,6852,0,104
6,GO404_19_73,GO404_19_6853,Penn Station,6853,1,105
6,GO404_19_73,GO404_19_6854,Long Beach,6854,0,104
6,GO404_19_73,GO404_19_6855,Penn Station,6855,1,105
6,GO404_19_73,GO404_19_6856,Long Beach,6856,0,104
6,GO404_19_73,GO404_19_6857,Penn Station,6857,1,105
6,GO404_19_73,GO404_19_6858,Long Beach,6858,0,104
6,GO404_19_73,GO404_19_6859,Penn Station,6859,1,105
6,GO404_19_73,GO404_19_6860,Long Beach,6860,0,104
6,GO404_19_73,GO404_19_6862,Long Beach,6862,0,104
6,GO404_19_73,GO404_19_6864,Long Beach,6864,0,104
6,GO404_19_73,GO404_19_6865,Penn Station,6865,1,105
6,GO404_19_73,GO404_19_6866,Long Beach,6866,0,104
6,GO404_19_73,GO404_19_6867,Penn Station,6867,1,105
6,GO404_19_73,GO404_19_6868,Long Beach,6868,0,104
6,GO404_19_73,GO404_19_6869,Penn Station,6869,1,105
6,GO404_19_73,GO404_19_6870,Long Beach,6870,0,104
6,GO404_19_73,GO404_19_6871,Penn Station,6871,1,105
6,GO404_19_73,GO404_19_6872,Long Beach,6872,0,104
6,GO404_19_73,GO404_19_6875,Penn Station,6875,1,105
6,GO404_19_73,GO404_19_6877,Penn Station,6877,1,105
6,GO404_19_73,GO404_19_6879,Penn Station,6879,1,105
8,GO404_19_73,GO404_19_6900,West Hempstead,6900,0,106
8,GO404_19_73,GO404_19_6901,Valley Stream,6901,1,107
8,GO404_19_73,GO404_19_6902,West Hempstead,6902,0,106
8,GO404_19_73,GO404_19_6903,Valley Stream,6903,1,107
8,GO404_19_73,GO404_19_6904,West Hempstead,6904,0,106
8,GO404_19_73,GO404_19_6905,Valley Stream,6905,1,107
8,GO404_19_73,GO404_19_6906,West Hempstead,6906,0,106
8,GO404_19_73,GO404_19_6951,Valley Stream,6951,1,107
8,GO404_19_73,GO404_19_6952,West Hempstead,6952,0,106
8,GO404_19_73,GO404_19_6953,Valley Stream,6953,1,107
8,GO404_19_73,GO404_19_6954,West Hempstead,6954,0,106
8,GO404_19_73,GO404_19_6955,Valley Stream,6955,1,107
8,GO404_19_73,GO404_19_6956,West Hempstead,6956,0,106
8,GO404_19_73,GO404_19_6957,Valley Stream,6957,1,107
8,GO404_19_73,GO404_19_6958,West Hempstead,6958,0,106
8,GO404_19_73,GO404_19_6959,Valley Stream,6959,1,107
8,GO404_19_73,GO404_19_6960,West Hempstead,6960,0,106
8,GO404_19_73,GO404_19_6961,Valley Stream,6961,1,107
12,GO404_19_73,GO404_19_7481,Atlantic Terminal,7481,1,140
10,GO404_19_73,GO404_19_7601,Penn Station,7601,1,86
10,GO404_19_73,GO404_19_7602,Huntington,7602,0,84
10,GO404_19_73,GO404_19_7603,Penn Station,7603,1,86
10,GO404_19_73,GO404_19_7604,Huntington,7604,0,84
10,GO404_19_73,GO404_19_7605,Penn Station,7605,1,86
10,GO404_19_73,GO404_19_7606,Huntington,7606,0,84
10,GO404_19_73,GO404_19_7607,Penn Station,7607,1,86
10,GO404_19_73,GO404_19_7608,Huntington,7608,0,84
10,GO404_19_73,GO404_19_7609,Penn Station,7609,1,86
10,GO404_19_131,GO404_19_7609_1,Penn Station,0,1,86
10,GO404_19_73,GO404_19_7610,Huntington,7610,0,84
10,GO404_19_73,GO404_19_7611,Penn Station,7611,1,86
10,GO404_19_73,GO404_19_7612,Huntington,7612,0,84
10,GO404_19_73,GO404_19_7613,Penn Station,7613,1,86
10,GO404_19_73,GO404_19_7614,Huntington,7614,0,84
10,GO404_19_73,GO404_19_7615,Penn Station,7615,1,86
10,GO404_19_73,GO404_19_7616,Huntington,7616,0,84
10,GO404_19_73,GO404_19_7617,Penn Station,7617,1,86
10,GO404_19_73,GO404_19_7618,Huntington,7618,0,84
10,GO404_19_73,GO404_19_7619,Penn Station,7619,1,86
10,GO404_19_73,GO404_19_7620,Huntington,7620,0,84
10,GO404_19_73,GO404_19_7621,Penn Station,7621,1,86
10,GO404_19_73,GO404_19_7622,Huntington,7622,0,84
10,GO404_19_73,GO404_19_7624,Huntington,7624,0,84
10,GO404_19_73,GO404_19_7625,Penn Station,7625,1,86
10,GO404_19_73,GO404_19_7626,Huntington,7626,0,84
10,GO404_19_73,GO404_19_7627,Penn Station,7627,1,86
10,GO404_19_73,GO404_19_7628,Huntington,7628,0,84
10,GO404_19_73,GO404_19_7630,Huntington,7630,0,84
10,GO404_19_73,GO404_19_7631,Penn Station,7631,1,86
10,GO404_19_73,GO404_19_7700,Huntington,7700,0,84
10,GO404_19_73,GO404_19_7701,Penn Station,7701,1,86
10,GO404_19_73,GO404_19_7702,Huntington,7702,0,84
10,GO404_19_73,GO404_19_7703,Penn Station,7703,1,86
10,GO404_19_73,GO404_19_7704,Huntington,7704,0,84
10,GO404_19_73,GO404_19_7705,Penn Station,7705,1,86
10,GO404_19_73,GO404_19_7706,Huntington,7706,0,84
10,GO404_19_73,GO404_19_7707,Penn Station,7707,1,86
10,GO404_19_73,GO404_19_7708,Huntington,7708,0,84
10,GO404_19_73,GO404_19_7709,Penn Station,7709,1,86
10,GO404_19_73,GO404_19_7710,Huntington,7710,0,84
10,GO404_19_73,GO404_19_7711,Penn Station,7711,1,86
10,GO404_19_73,GO404_19_7713,Penn Station,7713,1,86
10,GO404_19_73,GO404_19_7714,Huntington,7714,0,84
10,GO404_19_73,GO404_19_7715,Penn Station,7715,1,86
10,GO404_19_73,GO404_19_7716,Huntington,7716,0,84
10,GO404_19_73,GO404_19_7717,Penn Station,7717,1,86
10,GO404_19_73,GO404_19_7719,Penn Station,7719,1,86
10,GO404_19_73,GO404_19_7720,Huntington,7720,0,84
10,GO404_19_73,GO404_19_7721,Penn Station,7721,1,86
10,GO404_19_73,GO404_19_7722,Huntington,7722,0,84
10,GO404_19_73,GO404_19_7723,Penn Station,7723,1,86
10,GO404_19_73,GO404_19_7724,Huntington,7724,0,84
10,GO404_19_73,GO404_19_7725,Penn Station,7725,1,86
10,GO404_19_73,GO404_19_7726,Huntington,7726,0,84
10,GO404_19_73,GO404_19_7727,Penn Station,7727,1,86
10,GO404_19_73,GO404_19_7728,Huntington,7728,0,84
10,GO404_19_73,GO404_19_7729,Penn Station,7729,1,86
10,GO404_19_73,GO404_19_7730,Huntington,7730,0,84
10,GO404_19_73,GO404_19_7731,Penn Station,7731,1,86
10,GO404_19_73,GO404_19_7732,Huntington,7732,0,84
10,GO404_19_73,GO404_19_7733,Penn Station,7733,1,86
10,GO404_19_73,GO404_19_7734,Huntington,7734,0,84
10,GO404_19_73,GO404_19_7735,Penn Station,7735,1,86
10,GO404_19_73,GO404_19_7736,Huntington,7736,0,84
10,GO404_19_73,GO404_19_7737,Penn Station,7737,1,86
10,GO404_19_73,GO404_19_7738,Huntington,7738,0,84
10,GO404_19_73,GO404_19_7739,Penn Station,7739,1,86
10,GO404_19_73,GO404_19_7740,Huntington,7740,0,84
10,GO404_19_73,GO404_19_7742,Huntington,7742,0,84
10,GO404_19_73,GO404_19_7743,Penn Station,7743,1,86
10,GO404_19_73,GO404_19_7744,Huntington,7744,0,84
10,GO404_19_73,GO404_19_7745,Penn Station,7745,1,86
10,GO404_19_73,GO404_19_7746,Huntington,7746,0,84
10,GO404_19_73,GO404_19_7747,Penn Station,7747,1,86
4,GO404_19_73,GO404_19_8000,Ronkonkoma,8000,0,39
4,GO404_19_73,GO404_19_8001,Penn Station,8001,1,37
4,GO404_19_73,GO404_19_8002,Ronkonkoma,8002,0,39
4,GO404_19_73,GO404_19_8003,Penn Station,8003,1,37
4,GO404_19_73,GO404_19_8004,Ronkonkoma,8004,0,39
4,GO404_19_73,GO404_19_8005,Penn Station,8005,1,37
4,GO404_19_73,GO404_19_8006,Ronkonkoma,8006,0,39
4,GO404_19_73,GO404_19_8007,Penn Station,8007,1,37
4,GO404_19_73,GO404_19_8008,Ronkonkoma,8008,0,39
4,GO404_19_73,GO404_19_8009,Penn Station,8009,1,37
4,GO404_19_73,GO404_19_8010,Ronkonkoma,8010,0,39
4,GO404_19_73,GO404_19_8011,Penn Station,8011,1,37
4,GO404_19_73,GO404_19_8012,Ronkonkoma,8012,0,39
4,GO404_19_73,GO404_19_8013,Penn Station,8013,1,37
4,GO404_19_73,GO404_19_8014,Ronkonkoma,8014,0,39
4,GO404_19_73,GO404_19_8015,Penn Station,8015,1,37
4,GO404_19_73,GO404_19_8016,Ronkonkoma,8016,0,39
4,GO404_19_73,GO404_19_8017,Penn Station,8017,1,37
4,GO404_19_73,GO404_19_8018,Ronkonkoma,8018,0,39
4,GO404_19_73,GO404_19_8019,Penn Station,8019,1,37
4,GO404_19_73,GO404_19_8050,Ronkonkoma,8050,0,39
4,GO404_19_73,GO404_19_8051,Penn Station,8051,1,37
4,GO404_19_73,GO404_19_8052,Ronkonkoma,8052,0,39
4,GO404_19_73,GO404_19_8053,Penn Station,8053,1,37
4,GO404_19_73,GO404_19_8054,Ronkonkoma,8054,0,39
4,GO404_19_73,GO404_19_8055,Penn Station,8055,1,37
4,GO404_19_73,GO404_19_8056,Ronkonkoma,8056,0,39
4,GO404_19_73,GO404_19_8057,Penn Station,8057,1,37
4,GO404_19_73,GO404_19_8058,Ronkonkoma,8058,0,39
4,GO404_19_73,GO404_19_8059,Penn Station,8059,1,37
4,GO404_19_73,GO404_19_8060,Ronkonkoma,8060,0,39
4,GO404_19_73,GO404_19_8061,Penn Station,8061,1,37
4,GO404_19_73,GO404_19_8062,Ronkonkoma,8062,0,39
4,GO404_19_73,GO404_19_8063,Penn Station,8063,1,37
4,GO404_19_73,GO404_19_8064,Ronkonkoma,8064,0,39
4,GO404_19_73,GO404_19_8065,Penn Station,8065,1,37
4,GO404_19_73,GO404_19_8066,Ronkonkoma,8066,0,39
4,GO404_19_73,GO404_19_8067,Penn Station,8067,1,37
4,GO404_19_73,GO404_19_8068,Ronkonkoma,8068,0,39
4,GO404_19_73,GO404_19_8069,Penn Station,8069,1,37
4,GO404_19_73,GO404_19_8070,Ronkonkoma,8070,0,39
4,GO404_19_73,GO404_19_8071,Penn Station,8071,1,37
4,GO404_19_73,GO404_19_8072,Ronkonkoma,8072,0,39
4,GO404_19_73,GO404_19_8073,Penn Station,8073,1,37
4,GO404_19_118,GO404_19_8081,Penn Station,0,1,37
4,GO404_19_118,GO404_19_8082,Ronkonkoma,0,0,39
4,GO404_19_118,GO404_19_8083,Penn Station,0,1,37
4,GO404_19_118,GO404_19_8084,Ronkonkoma,0,0,39
5,GO404_19_73,GO404_19_8700,Montauk,8700,0,151
5,GO404_19_73,GO404_19_8701,Jamaica,8701,1,150
5,GO404_19_73,GO404_19_8704,Montauk,8704,0,120
5,GO404_19_73,GO404_19_8706,Montauk,8706,0,120
5,GO404_19_73,GO404_19_8709,Jamaica,8709,1,150
5,GO404_19_73,GO404_19_8710,Montauk,8710,0,120
5,GO404_19_73,GO404_19_8712,Montauk,8712,0,151
5,GO404_19_73,GO404_19_8715,Jamaica,8715,1,150
5,GO404_19_73,GO404_19_8719,Jamaica,8719,1,150
5,GO404_19_73,GO404_19_8730,Speonk,8730,0,136
1,GO404_19_73,GO404_19_8731,Jamaica,8731,1,11
5,GO404_19_73,GO404_19_8732,Speonk,8732,0,12
5,GO404_19_73,GO404_19_8733,Babylon,8733,1,153
5,GO404_19_73,GO404_19_8735,Babylon,8735,1,153
5,GO404_19_73,GO404_19_8736,Speonk,8736,0,12
5,GO404_19_73,GO404_19_8737,Babylon,8737,1,153
5,GO404_19_73,GO404_19_8738,Speonk,8738,0,12
5,GO404_19_73,GO404_19_8739,Babylon,8739,1,153
5,GO404_19_73,GO404_19_8740,Speonk,8740,0,136
5,GO404_19_73,GO404_19_8742,Speonk,8742,0,12
1,GO404_19_73,GO404_19_8743,Jamaica,8743,1,11
1,GO404_19_73,GO404_19_8745,Jamaica,8745,1,127
5,GO404_19_73,GO404_19_8760,Patchogue,8760,0,23
5,GO404_19_73,GO404_19_8761,Babylon,8761,1,149
5,GO404_19_73,GO404_19_8762,Patchogue,8762,0,117
5,GO404_19_73,GO404_19_8763,Jamaica,8763,1,123
5,GO404_19_73,GO404_19_8764,Patchogue,8764,0,117
5,GO404_19_73,GO404_19_8765,Babylon,8765,1,149
5,GO404_19_73,GO404_19_8766,Patchogue,8766,0,117
5,GO404_19_73,GO404_19_8767,Babylon,8767,1,149
5,GO404_19_73,GO404_19_8768,Patchogue,8768,0,117
5,GO404_19_73,GO404_19_8769,Jamaica,8769,1,157
5,GO404_19_73,GO404_19_8770,Patchogue,8770,0,117
5,GO404_19_73,GO404_19_8771,Babylon,8771,1,154
5,GO404_19_73,GO404_19_8772,Patchogue,8772,0,117
5,GO404_19_73,GO404_19_8773,Babylon,8773,1,154
5,GO404_19_73,GO404_19_8774,Patchogue,8774,0,13
5,GO404_19_73,GO404_19_8775,Babylon,8775,1,154
5,GO404_19_73,GO404_19_8776,Patchogue,8776,0,117
5,GO404_19_73,GO404_19_8777,Jamaica,8777,1,123
5,GO404_19_73,GO404_19_8778,Patchogue,8778,0,117
5,GO404_19_111,GO404_19_8790,Speonk,8790,0,136
7,GO404_19_73,GO404_19_8800,Far Rockaway,8800,0,158
7,GO404_19_73,GO404_19_8801,Atlantic Terminal,8801,1,159
7,GO404_19_73,GO404_19_8802,Far Rockaway,8802,0,164
7,GO404_19_73,GO404_19_8803,Valley Stream,8803,1,161
7,GO404_19_73,GO404_19_8804,Far Rockaway,8804,0,164
7,GO404_19_73,GO404_19_8805,Atlantic Terminal,8805,1,159
7,GO404_19_73,GO404_19_8806,Far Rockaway,8806,0,162
7,GO404_19_73,GO404_19_8807,Penn Station,8807,1,165
7,GO404_19_73,GO404_19_8808,Far Rockaway,8808,0,158
7,GO404_19_73,GO404_19_8809,Atlantic Terminal,8809,1,159
7,GO404_19_73,GO404_19_8810,Far Rockaway,8810,0,158
7,GO404_19_73,GO404_19_8811,Atlantic Terminal,8811,1,159
7,GO404_19_73,GO404_19_8812,Far Rockaway,8812,0,158
7,GO404_19_73,GO404_19_8813,Atlantic Terminal,8813,1,159
7,GO404_19_73,GO404_19_8814,Far Rockaway,8814,0,158
7,GO404_19_73,GO404_19_8815,Atlantic Terminal,8815,1,159
7,GO404_19_73,GO404_19_8816,Far Rockaway,8816,0,158
7,GO404_19_73,GO404_19_8817,Atlantic Terminal,8817,1,159
7,GO404_19_73,GO404_19_8818,Far Rockaway,8818,0,158
7,GO404_19_73,GO404_19_8819,Atlantic Terminal,8819,1,159
7,GO404_19_73,GO404_19_8850,Far Rockaway,8850,0,158
7,GO404_19_73,GO404_19_8851,Atlantic Terminal,8851,1,159
7,GO404_19_73,GO404_19_8852,Far Rockaway,8852,0,158
7,GO404_19_73,GO404_19_8853,Atlantic Terminal,8853,1,159
7,GO404_19_73,GO404_19_8854,Far Rockaway,8854,0,158
7,GO404_19_73,GO404_19_8855,Atlantic Terminal,8855,1,159
7,GO404_19_73,GO404_19_8856,Far Rockaway,8856,0,158
7,GO404_19_73,GO404_19_8857,Atlantic Terminal,8857,1,159
7,GO404_19_73,GO404_19_8858,Far Rockaway,8858,0,158
7,GO404_19_73,GO404_19_8859,Atlantic Terminal,8859,1,159
7,GO404_19_73,GO404_19_8860,Far Rockaway,8860,0,158
7,GO404_19_73,GO404_19_8861,Atlantic Terminal,8861,1,159
7,GO404_19_73,GO404_19_8862,Far Rockaway,8862,0,158
7,GO404_19_73,GO404_19_8863,Atlantic Terminal,8863,1,159
7,GO404_19_73,GO404_19_8864,Far Rockaway,8864,0,158
7,GO404_19_73,GO404_19_8865,Atlantic Terminal,8865,1,159
7,GO404_19_73,GO404_19_8866,Far Rockaway,8866,0,158
7,GO404_19_73,GO404_19_8867,Atlantic Terminal,8867,1,159
7,GO404_19_73,GO404_19_8868,Far Rockaway,8868,0,158
7,GO404_19_73,GO404_19_8869,Atlantic Terminal,8869,1,159
7,GO404_19_73,GO404_19_8870,Far Rockaway,8870,0,158
7,GO404_19_73,GO404_19_8871,Atlantic Terminal,8871,1,159
7,GO404_19_73,GO404_19_8872,Far Rockaway,8872,0,158
7,GO404_19_73,GO404_19_8873,Atlantic Terminal,8873,1,159
4,GO404_19_126,GO404_19_9029,Atlantic Terminal,0,1,32
4,GO404_19_127,GO404_19_9031,Atlantic Terminal,0,1,32
1,GO404_19_126,GO404_19_9105,Atlantic Terminal,0,1,24
1,GO404_19_126,GO404_19_9107,Atlantic Terminal,0,1,24
1,GO404_19_127,GO404_19_9115,Atlantic Terminal,0,1,24
1,GO404_19_127,GO404_19_9117,Atlantic Terminal,0,1,24
1,GO404_19_128,GO404_19_9125,Atlantic Terminal,0,1,24
1,GO404_19_128,GO404_19_9127,Atlantic Terminal,0,1,24
1,GO404_19_129,GO404_19_9127_1,Atlantic Terminal,0,1,24
1,GO404_19_129,GO404_19_9129,Atlantic Terminal,0,1,24
10,GO404_19_126,GO404_19_9283,Atlantic Terminal,0,1,89
10,GO404_19_127,GO404_19_9285,Atlantic Terminal,0,1,89
10,GO404_19_128,GO404_19_9289,Atlantic Terminal,0,1,89
10,GO404_19_128,GO404_19_9291,Atlantic Terminal,0,1,89
10,GO404_19_129,GO404_19_9291_1,Atlantic Terminal,0,1,89
10,GO404_19_129,GO404_19_9293,Atlantic Terminal,0,1,89
